<!--?xml version="1.0" encoding="UTF-8"?-->
<config>
<feature>	
    <color>0,102,44</color>
    <fullname>photosystem I</fullname>
    <drawflag>1</drawflag>
    <pattern>^psa.*</pattern>
    <type>gene</type>
  </feature>
<feature>	
    <color>50,137,37</color>
    <fullname>photosystem II</fullname>
    <drawflag>1</drawflag>
    <pattern>^psb.*</pattern>
    <type>gene</type>
  </feature>
<feature>	
    <color>121,156,19</color>
    <fullname>cytochrome b/f complex</fullname>
    <drawflag>1</drawflag>
    <pattern>^pet.*</pattern>
    <type>gene</type>
  </feature>
<feature>	
    <color>151,190,13</color>
    <fullname>ATP synthase</fullname>
    <drawflag>1</drawflag>
    <pattern>^atp.*</pattern>
    <type>gene</type>
  </feature>
<feature>	
    <color>255,236,0</color>
    <fullname>NADH dehydrogenase</fullname>
    <drawflag>1</drawflag>
    <pattern>^ndh.*</pattern>
    <type>gene</type>
  </feature>
<feature>	
    <color>31,161,45</color>
    <fullname>RubisCO large subunit</fullname>
    <drawflag>1</drawflag>
    <pattern>^rbcl.*</pattern>
    <type>gene</type>
  </feature>
<feature>	
    <color>189,18,32</color>
    <fullname>RNA polymerase</fullname>
    <drawflag>1</drawflag>
    <pattern>^rpo.*</pattern>
    <type>gene</type>
  </feature>
<feature>	
    <color>219,170,115</color>
    <fullname>ribosomal proteins (SSU)</fullname>
    <drawflag>1</drawflag>
    <pattern>^rps.*</pattern>
    <type>gene</type>
  </feature>
<feature>	
    <color>158,119,66</color>
    <fullname>ribosomal proteins (LSU)</fullname>
    <drawflag>1</drawflag>
    <pattern>^rpl.*</pattern>
    <type>gene</type>
  </feature>
<feature>	
    <color>233,93,15</color>
    <fullname>clpP, matK</fullname>
    <drawflag>1</drawflag>
    <pattern>(^clp.*)|(^mat.*)</pattern>
    <type>gene</type>
  </feature>
<feature>	
    <color>171,37,157</color>
    <fullname>other genes</fullname>
    <drawflag>1</drawflag>
    <pattern>.*</pattern>
    <type>other</type>
  </feature>
<feature>	
    <color>255,250,208</color>
    <fullname>hypothetical chloroplast reading frames (ycf)</fullname>
    <drawflag>1</drawflag>
    <pattern>^ycf.*</pattern>
    <type>gene</type>
  </feature>
<feature>	
    <color>87,185,168</color>
    <fullname>ORFs</fullname>
    <drawflag>1</drawflag>
    <pattern>^orf.*</pattern>
    <type>gene|CDS</type>
  </feature>
<feature>	
    <color>22,41,131</color>
    <fullname>transfer RNAs</fullname>
    <drawflag>1</drawflag>
    <pattern>.*</pattern>
    <type>tRNA</type>
  </feature>
<feature>	
    <color>226,0,26</color>
    <fullname>ribosomal RNAs</fullname>
    <drawflag>1</drawflag>
    <pattern>.*</pattern>
    <type>rRNA</type>
  </feature>
<feature>	
    <color>255,128,128</color>
    <fullname>origin of replication</fullname>
    <drawflag>1</drawflag>
    <pattern>^ori.*</pattern>
    <type>rep_origin</type>
  </feature>
<feature>	
    <color>255,0,255</color>
    <fullname>polycistronic transcripts</fullname>
    <drawflag>1</drawflag>
    <pattern>.*</pattern>
    <type>operon|prim_transcript</type>
  </feature>
</config>